feature,mean,std
speed_kmh,63.974000,49.646988
lat,48.223718,11.898234
lon,-73.597603,0.061858
passenger_count,25.820000,15.179669
